stage,average_score,std_score
baseline,0.442923,0.097888
mid,0.636090,0.203447
trained,0.726893,0.160171
